Probe ID,Time
Probe 5,0 days 00:00:17.937182
Probe 6,0 days 00:00:18.937964
Probe 8,0 days 00:00:20.939966
Probe 7,0 days 00:00:21.940954
Probe 3,0 days 00:00:00.210024
Probe 4,0 days 00:00:00.210024
Probe 2,0 days 00:00:09.219028
Probe 1,0 days 00:00:12.221024
